type,id,name,website,phone,last_verified,source_status,final_url,source_title,phone_found_on_page,review_status
"course","ca1ec0be-b323-4729-aff0-7282063e8c0d","Before You Purchase an Apartment","https://youtube.com/shorts/RVl_rz6UG8M","","","200","https://www.youtube.com/shorts/RVl_rz6UG8M","5 Things You Need To Know Before You Move Into Your 1st Apartment - YouTube","","Needs staff review of current services, hours, and eligibility"
"course","01041a5a-4aa1-48d9-89d4-0510cf250da2","Budgeting for Beginners","https://youtu.be/-vVp185Sq24","","","200","https://www.youtube.com/watch?v=-vVp185Sq24&feature=youtu.be","Budgeting For Beginners | How To Create A Budget From Scratch (2025) - YouTube","","Needs staff review of current services, hours, and eligibility"
"course","6a570a11-405b-4a05-9dab-57cc8df24176","Case Management","","","","missing_url","","","","Needs staff review of current services, hours, and eligibility"
"course","7ceffc68-ba95-418c-a94e-17c1e02f530b","Cellphone Access","","","","missing_url","","","","Needs staff review of current services, hours, and eligibility"
"course","445d2e2a-84fd-46a4-9fcf-671be6ac05a2","College Admissions Counseling","","","","missing_url","","","","Needs staff review of current services, hours, and eligibility"
"course","1ac0b661-b2cf-47a8-a261-334d20fc8b42","Computer Training","","","","missing_url","","","","Needs staff review of current services, hours, and eligibility"
"course","d7a8a815-89be-4b9e-ba5b-d29daf7be7e2","Creating SMART GOALS","https://youtu.be/2KWEe1SQa2g","","","200","https://www.youtube.com/watch?v=2KWEe1SQa2g&feature=youtu.be","- YouTube","","Needs staff review of current services, hours, and eligibility"
"course","4d6baa11-fdfd-4a1e-bbd9-b2df41406cca","Dental Care","","","","missing_url","","","","Needs staff review of current services, hours, and eligibility"
"course","c62adbdc-2303-4062-97b0-0bb795846a9c","Digital Literacy","","","","missing_url","","","","Needs staff review of current services, hours, and eligibility"
"course","a8f4d914-8c2c-421b-8a01-d17e36c6f951","Digital Literacy Skills","","","","missing_url","","","","Needs staff review of current services, hours, and eligibility"
"course","07fe1240-8f9d-40fa-a3a9-e1566b2225ee","Emergency Savings","https://tdbank.everfi-next.net/student/dashboard/td-learning/tdbank-investing-in-your-future/building-emergency-savings?locale=en","","","200","https://tdbank.everfi-next.net/users/guest_relay?original_url_guest=https%3A%2F%2Feverfi-next.net%3A443%2Fr%2FBAhJIgGBaHR0cHM6Ly90ZGJhbmsuZXZlcmZpLW5leHQubmV0L3N0dWRlbnQvZGFzaGJvYXJkL3RkLWxlYXJuaW5nL3RkYmFuay1pbnZlc3RpbmctaW4teW91ci1mdXR1cmUvYnVpbGRpbmctZW1lcmdlbmN5LXNhdmluZ3M%2FbG9jYWxlPWVuBjoGRVQ%3D--e0530ff097a8d325ec62d16abe0a814c54fff4a8d797f59a33bed7f164d0cdaa&program_id=1159","","","Needs staff review of current services, hours, and eligibility"
"course","c404ecfc-e3ff-4336-b2c0-42341fe24d7a","Expungement Assistance","","","","missing_url","","","","Needs staff review of current services, hours, and eligibility"
"course","9f4368aa-176d-4ab4-b184-03857d04fd56","Family Reunification Services","","","","missing_url","","","","Needs staff review of current services, hours, and eligibility"
"course","bf56fcf2-520f-4cb8-9867-65ef497fe77f","GED Preparation","","","","missing_url","","","","Needs staff review of current services, hours, and eligibility"
"course","43862d4c-12c6-4345-910c-e8a3249ec598","Getting Employed with a Criminal Record","https://youtu.be/FGFjZlfL9ms","","","200","https://www.youtube.com/watch?v=FGFjZlfL9ms&feature=youtu.be","How to get a job with a criminal record | Zachary Moore | TEDxSanQuentin - YouTube","","Needs staff review of current services, hours, and eligibility"
"course","4fbd5cfe-53dc-46d7-a8f8-daccec6b2ec2","Health Insurance Assistance","","","","missing_url","","","","Needs staff review of current services, hours, and eligibility"
"course","d2cf7125-15b5-49ff-b711-bf1d79b9db2b","Housing and Needs","","","","missing_url","","","","Needs staff review of current services, hours, and eligibility"
"course","6a560f75-3221-4de7-93ad-0968ebe45c07","How to Use 401(k) Plans","https://tdbank.everfi-next.net/student/dashboard/td-learning/tdbank-preparing-for-retirement/1714?locale=en#401k-plans/getting-started/page-1","","","200","https://tdbank.everfi-next.net/users/guest_relay?original_url_guest=https%3A%2F%2Feverfi-next.net%3A443%2Fr%2FBAhJInBodHRwczovL3RkYmFuay5ldmVyZmktbmV4dC5uZXQvc3R1ZGVudC9kYXNoYm9hcmQvdGQtbGVhcm5pbmcvdGRiYW5rLXByZXBhcmluZy1mb3ItcmV0aXJlbWVudC8xNzE0P2xvY2FsZT1lbgY6BkVU--2d0839f4c3fcb32d09220181e94ab2bcb215d1c81b6b8e5f5e8fd7de9946ddc9&program_id=1159","","","Needs staff review of current services, hours, and eligibility"
"course","394282e0-64e1-4c8c-8918-2cf115429650","How to Write a Great Resume","https://youtu.be/u75hUSShvnc","","","200","https://www.youtube.com/watch?v=u75hUSShvnc&feature=youtu.be","8 Tips for Writing a Winning Resume - YouTube","","Needs staff review of current services, hours, and eligibility"
"course","ab75e772-9226-4e67-a5dd-0815dfe08a6a","Internet Access","","","","missing_url","","","","Needs staff review of current services, hours, and eligibility"
"course","989ea316-8306-42c3-80d4-10e53f65bcdb","Investing in Your Future","https://tdbank.everfi-next.net/student/dashboard/td-learning/tdbank-building-financial-capability?locale=en","","","200","https://tdbank.everfi-next.net/users/guest_relay?original_url_guest=https%3A%2F%2Feverfi-next.net%3A443%2Fr%2FBAhJInBodHRwczovL3RkYmFuay5ldmVyZmktbmV4dC5uZXQvc3R1ZGVudC9kYXNoYm9hcmQvdGQtbGVhcm5pbmcvdGRiYW5rLWJ1aWxkaW5nLWZpbmFuY2lhbC1jYXBhYmlsaXR5P2xvY2FsZT1lbgY6BkVU--1f82caf2439e9da5c3e232e4e38ecbf2614876ab4d958bdb617efa9dde1fc552&program_id=1159","","","Needs staff review of current services, hours, and eligibility"
"course","12fc72e1-debe-4e53-aab6-69273c8e41c8","Job Placement Services","","","","missing_url","","","","Needs staff review of current services, hours, and eligibility"
"course","d786c4c9-aa6c-4048-9498-dbd6f722b649","Job Training","","","","missing_url","","","","Needs staff review of current services, hours, and eligibility"
"course","f48ece3f-8b28-4a51-900f-755b88573ef6","Legal Aid","","","","missing_url","","","","Needs staff review of current services, hours, and eligibility"
"course","b2a3d5a8-8f11-4a33-a1d2-81b994e04b2a","Life Skills Training","","","","missing_url","","","","Needs staff review of current services, hours, and eligibility"
"course","5fb82892-ac82-45f2-8171-99c04ed97eef","Manage a Savings Account","https://tdbank.everfi-next.net/student/dashboard/td-learning/tdbank-investing-in-your-future/savings-accounts-achieve?locale=en","","","200","https://tdbank.everfi-next.net/users/guest_relay?original_url_guest=https%3A%2F%2Feverfi-next.net%3A443%2Fr%2FBAhJIgF%2FaHR0cHM6Ly90ZGJhbmsuZXZlcmZpLW5leHQubmV0L3N0dWRlbnQvZGFzaGJvYXJkL3RkLWxlYXJuaW5nL3RkYmFuay1pbnZlc3RpbmctaW4teW91ci1mdXR1cmUvc2F2aW5ncy1hY2NvdW50cy1hY2hpZXZlP2xvY2FsZT1lbgY6BkVU--12ed49545fbbf3faa3d9af84eb2b99dd954e118f8adf0677bbee26f09d13fdbf&program_id=1159","","","Needs staff review of current services, hours, and eligibility"
"course","3fe09e3e-780b-4045-9f7f-c90f4af0e12d","Medical Clinics","","","","missing_url","","","","Needs staff review of current services, hours, and eligibility"
"course","c7570efc-5db5-483c-9b9b-ca5ba10afac5","Mental Health Counseling","","","","missing_url","","","","Needs staff review of current services, hours, and eligibility"
"course","40e338d8-3df8-463f-9c1c-ad8bcf54bb84","Mentorship Programs","","","","missing_url","","","","Needs staff review of current services, hours, and eligibility"
"course","5b3ee275-1d78-496d-94f5-2361565561c0","Money Smart Courses","","","","missing_url","","","","Needs staff review of current services, hours, and eligibility"
"course","6efdcd94-b151-4e09-8c50-5778d00faa54","Parole Board Preparation","","","","missing_url","","","","Needs staff review of current services, hours, and eligibility"
"course","40a2d2c7-4010-4886-aa83-052f62ac2301","Permanent Supportive Housing","","","","missing_url","","","","Needs staff review of current services, hours, and eligibility"
"course","4b52e17b-d20d-4f1b-bdbe-d937e34ea2b7","Public Defenders","","","","missing_url","","","","Needs staff review of current services, hours, and eligibility"
"course","1af477be-fbf9-4067-aac0-d066849e53e1","Resume Building and Interview Preparation","","","","missing_url","","","","Needs staff review of current services, hours, and eligibility"
"course","08bf3897-d934-43d3-b0cf-08c28714711a","Second Chance Hiring","","","","missing_url","","","","Needs staff review of current services, hours, and eligibility"
"course","132e8ed2-fcfd-4626-8ff9-8e1b2939bcf6","Substance Abuse Treatment","","","","missing_url","","","","Needs staff review of current services, hours, and eligibility"
"course","e4160063-2c5a-4137-9b9a-43297e5efbd2","Support Groups","","","","missing_url","","","","Needs staff review of current services, hours, and eligibility"
"course","7f345f73-72cb-423c-989e-a3c86b403459","Temporary Shelters","","","","missing_url","","","","Needs staff review of current services, hours, and eligibility"
"course","0042a3d5-a3cd-497e-9f63-6746e858ed17","Ten Reentry Steps","","","","missing_url","","","","Needs staff review of current services, hours, and eligibility"
"course","bf4baee9-e3b7-48f1-9e10-f6ff8e5f3947","Three E's of Reentry","https://youtu.be/aEWUg1zeUsg","","","200","https://www.youtube.com/watch?v=aEWUg1zeUsg&feature=youtu.be","Three ‘E’s of ReEntry | Nicholas Crapser | TEDxHumboldtBay - YouTube","","Needs staff review of current services, hours, and eligibility"
"course","d9a68f9a-0d7c-4a03-9e86-be933d89a936","Transitional Housing","","","","missing_url","","","","Needs staff review of current services, hours, and eligibility"
"course","0ae6981f-3984-48a3-9d0f-4c9baf780a54","Transportation Assistance","","","","missing_url","","","","Needs staff review of current services, hours, and eligibility"
"course","a8f06c09-4002-4a3a-9937-02d2792bf2dc","Victim Services","","","","missing_url","","","","Needs staff review of current services, hours, and eligibility"
"course","2dccabda-ef89-44f2-9554-1a62eff4a673","Vocational Training","","","","missing_url","","","","Needs staff review of current services, hours, and eligibility"
"course","c4f400b1-2eb0-4148-8d7c-cc44fd5c0d5d","Volunteer Opportunities","","","","missing_url","","","","Needs staff review of current services, hours, and eligibility"
"course","8259fddf-1b82-4f49-9496-7ae6f17960d3","Wellness Programs","","","","missing_url","","","","Needs staff review of current services, hours, and eligibility"
"course","a50c3e45-65c3-49e1-a972-54e72b6c2e6c","Your First Apartment Checklist","https://youtu.be/vPS9Bn-Vw2c","","","200","https://www.youtube.com/watch?v=vPS9Bn-Vw2c&feature=youtu.be","Your First Apartment Checklist: Essentials You Need to Buy - YouTube","","Needs staff review of current services, hours, and eligibility"
"resource","518d3aa4-f3da-4872-a7f0-c42019f728e4","ACHIEVEability","achieveability.org/aboutus","(215) 748-8800","","200","https://achieveability.org/aboutusoverview","Overview &mdash; ACHIEVEability","true","Needs staff review of current services, hours, and eligibility"
"resource","db5fd561-504f-41f1-a4e2-d369a25105f0","Action Wellness","www.actionwellness.org","(215) 981-0088","","200","https://www.actionwellness.org/","Action Wellness","true","Needs staff review of current services, hours, and eligibility"
"resource","eb36bc67-6e50-4fa4-b4a1-515053e1bb90","BenePhilly Center","https://www.phila.gov/programs/benephilly/","844-848-4376","","200","https://www.phila.gov/programs/benephilly/","BenePhilly | Programs and initiatives | City of Philadelphia","false","Needs staff review of current services, hours, and eligibility"
"resource","d645730b-2e7e-4074-915c-abe4d9b50179","Bethesda Project – My Brother's House","https://www.bethesdaproject.org/","(215) 985-1600","","200","https://www.bethesdaproject.org/","Services for Philadelphians Experiencing Homelessness - Bethesda Project","false","Needs staff review of current services, hours, and eligibility"
"resource","71b83c74-2d08-4d30-abfa-55d7cb4839aa","Bethesda Project – Our Brother's Place","https://www.bethesdaproject.org/","(215) 985-1600","","200","https://www.bethesdaproject.org/","Services for Philadelphians Experiencing Homelessness - Bethesda Project","false","Needs staff review of current services, hours, and eligibility"
"resource","d3e8c588-81f7-4e83-856d-f5634279c475","Bethesda Project Office","https://www.bethesdaproject.org/our-locations","(215) 985-1600","","200","https://www.bethesdaproject.org/our-locations","Bethesda Project Locations | Support Housing Initiatives Today &mdash; Bethesda Project","true","Needs staff review of current services, hours, and eligibility"
"resource","dfcf3544-3615-463f-8950-f71c91531313","Bridge House Transitional Housing","https://www.findhelp.org/methodist-services--philadelphia-pa--bridge-house-transitional-housing/4957206332047360?postal=19019","(215) 877-1925","","200","https://www.findhelp.org/methodist-services--philadelphia-pa--bridge-house-transitional-housing/4957206332047360?postal=19019","Bridge House Transitional Housing - Methodist Services serving Philadelphia, PA | findhelp.org","true","Needs staff review of current services, hours, and eligibility"
"resource","a13cb7f6-a0b5-4e05-af10-5f1c7c8d1411","Broad Street Love","broadstreetlove.org","(215) 735-4847","","200","https://broadstreetlove.org/","Home - Broad Street Love","true","Needs staff review of current services, hours, and eligibility"
"resource","dcb227ad-579c-439d-9f94-cecfd566e977","Brown Reentry Consulting","brownreentryconsulting.org/","(267) 225-7899","","200","https://www.brownreentryconsulting.org/","Brown Reentry Consulting","true","Needs staff review of current services, hours, and eligibility"
"resource","34dc8579-4a76-46ce-a243-81c6db5c1a7e","Building 21","https://building21.philasd.org/","(215) 400-7450","","200","https://building21.philasd.org/","Building 21 Philadelphia","true","Needs staff review of current services, hours, and eligibility"
"resource","34de324f-44ae-4343-8088-ac61fc56a10d","Catholic Social Services","cssphiladelphia.org","215-587-3555","","200","https://ccphila.org/","Home - Catholic Charities of Philadelphia","false","Needs staff review of current services, hours, and eligibility"
"resource","cbf4d7e3-5da7-420f-88c9-b26b6630a630","Catholic Social Services: Northeast","cssphiladelphia.org","215-624-5920","","200","https://ccphila.org/","Home - Catholic Charities of Philadelphia","false","Needs staff review of current services, hours, and eligibility"
"resource","d15ca3ab-2141-4417-a337-d3f8f9bf683c","City Fitness","https://cityfitnessphilly.com/logan-square/","(215) 302-2300","","200","https://cityfitness.com/logan-square","Gym Logan Square | Training, Saunas, Free Weights","true","Needs staff review of current services, hours, and eligibility"
"resource","f1638c4d-acfc-4c36-ba9f-c09ea1838a68","City Fitness","https://cityfitnessphilly.com/fairmount-club/","(267) 534-3435","","200","https://cityfitness.com/fairmount-club","Gym in Fairmount | City Fitness Philly | Free Trial Pass","true","Needs staff review of current services, hours, and eligibility"
"resource","154eecd6-13a8-4756-b9ca-0e11efa037ba","Community Behavioral Health","cbhphilly.org/contact-list/","(215) 413-3100","","200","https://cbhphilly.org/contact-list/","Contacts List &#8211; Community Behavioral Health","true","Needs staff review of current services, hours, and eligibility"
"resource","74acf044-f84a-4bef-b01b-d7a07ba9aa89","Community College of Philadelphia","ccp.edu","","","403","https://www.ccp.edu/","Just a moment...","","Needs staff review of current services, hours, and eligibility"
"resource","cd0847bd-f5c9-461f-845c-35b7172e7bbc","Community Integrated Services","cisworks.org/","(215) 238-7411","","200","https://cisworks.org/","Community Integrated Services | Creative Employment Solutions","true","Needs staff review of current services, hours, and eligibility"
"resource","6336e154-9af1-4d01-baac-833d341aaa4b","Community Legal Services","clsphila.org/","(215) 981-3700","","200","https://clsphila.org/","Community Legal Services - Philadelphia | Free Legal Help","true","Needs staff review of current services, hours, and eligibility"
"resource","b73126e3-c236-428d-8438-80beb05dff4a","Community Legal Services","clsphila.org/","(215) 227-2400","","200","https://clsphila.org/","Community Legal Services - Philadelphia | Free Legal Help","true","Needs staff review of current services, hours, and eligibility"
"resource","b155cef5-9b04-4f66-b356-0e58568faefd","Community Residential Rehabilitation Services","https://www.jevshumanservices.org/program/community-residential-rehabilitation-services/","(215) 386-3838","","200","https://www.jevshumanservices.org/program/community-residential-rehabilitation-services/","Community Residential Rehabilitation Services - JEVS Human Services","false","Needs staff review of current services, hours, and eligibility"
"resource","768d6170-1c9a-4233-ac78-cd0e0fa1a4b5","Cordelia Homes","http://www.simplehomes.org/about-us","(856) 477-3277","","404","https://www.simplehomes.org/about-us","404 Error: Page Not Found","false","Needs staff review of current services, hours, and eligibility"
"resource","0ce4c4b5-080d-4e93-92c3-ac5b4cc2d8e3","Delaware County Family Service Center","cssphiladelphia.org","610-876-7101","","200","https://ccphila.org/","Home - Catholic Charities of Philadelphia","false","Needs staff review of current services, hours, and eligibility"
"resource","e76c6714-02a8-457e-b1dc-826a4e581cd6","Department of Behavioral Health and Intellectual Disability Services","dbhids.org","(215) 685-5400","","200","https://dbhids.org/","Welcome to the Department of Behavioral Health and Intellectual disAbility Services","false","Needs staff review of current services, hours, and eligibility"
"resource","c608e6a9-f83d-4322-b2ad-f4730a454330","Diversified Community Services","www.dcsphila.org","(215) 336-3511","","fetch_failed","","","false","Needs staff review of current services, hours, and eligibility"
"resource","5b1d84be-e03d-466d-83aa-c8ab1a9a75da","Down North Pizza","downnorthpizza.com","(215) 377-9787","","200","https://www.downnorthpizza.com/","Down North Pizza","true","Needs staff review of current services, hours, and eligibility"
"resource","5a237775-6e3b-4923-b038-edeafc4e865e","Esperanza College of Eastern University","https://esperanza.eastern.edu/","215-324-0746","","200","https://esperanza.eastern.edu/","Esperanza College of Eastern University","true","Needs staff review of current services, hours, and eligibility"
"resource","440e7695-359a-4439-9986-0707b1ece0f9","Esperanza Health Center","https://esperanzahealth.com/","(215) 302-3600","","200","https://esperanzahealth.com/","Home - Esperanza Health Center","true","Needs staff review of current services, hours, and eligibility"
"resource","5e503361-b91d-4330-b816-0a418983b8a5","Face To Face","facetofacegermantown.org/","(215) 438-7939","","200","https://facetofacegermantown.org/","Main - Face to Face Germantown Hospitality, Mutuality, Transformation","true","Needs staff review of current services, hours, and eligibility"
"resource","c44cf490-f35c-4f1e-b20f-e384ac83ab2a","FedEx Ship Center","https://local.fedex.com/en-us/pa/philadelphia/muva?cmp=LOC-1001545-3-2-971-1110000-US-US-EN-GPLDROPOFFBOXES","(800) 463-3339","","200","https://local.fedex.com/en-us/pa/philadelphia/muva?cmp=LOC-1001545-3-2-971-1110000-US-US-EN-GPLDROPOFFBOXES","FedEx Ship Center - Philadelphia, PA - 3600 Grays Ferry Ave 19146","false","Needs staff review of current services, hours, and eligibility"
"resource","7f24b57a-836f-49ee-8acf-17107a36c476","First Step Staffing Philadelphia","www.firststepstaffing.com","(215) 333-3349","","200","https://www.firststepstaffing.com/","Staffing | First Step Staffing","true","Needs staff review of current services, hours, and eligibility"
"resource","08af07f0-0450-4430-bc37-3c8efaffe1b0","Friends Rehabilitation Program","https://friends-frp.org/","(215) 825-8800","","200","https://friends-frp.org/","Friends Rehabilitation Program &#8211; Housing and social services for low and moderate income households.","false","Needs staff review of current services, hours, and eligibility"
"resource","ae86bc24-97ff-4b50-b1dc-4f79c597c094","H.E.L.P. Philadelphia","https://phdcphila.org/","(215) 473-7451","","200","https://phdcphila.org/","","false","Needs staff review of current services, hours, and eligibility"
"resource","c5d3d39e-7980-46b4-a9fb-ac57fa9de621","Heights Philadelphia","https://heights.org/","(215) 790-1666","","200","https://heights.org/","Heights Philadelphia | Official Site","true","Needs staff review of current services, hours, and eligibility"
"resource","f66ee77d-d606-45ae-a3b3-2179df521c28","Help at Home","https://www.helpathome.com/","215-515-9926","","404","https://www.helpathome.com/","404 Not Found","false","Needs staff review of current services, hours, and eligibility"
"resource","9fd8140b-896f-475b-8c35-24d262c12e48","Horizon House Supported Employment Services","hhinc.org/about-us/","(215) 386-3838","","404","https://hhinc.org/about-us/","404 - File or directory not found.","false","Needs staff review of current services, hours, and eligibility"
"resource","e9ed452b-0b92-4bf1-b2ac-21c9ed0a6b6b","I'm FREE -Females Reentering Empowering Each Other","www.imfreeonline.org","(215) 951-0330 ext. 2147","","403","https://www.imfreeonline.org/","","false","Needs staff review of current services, hours, and eligibility"
"resource","c1f3a3bc-0035-4b5c-ad94-c0f98e4a54e9","Impact Services Corporation","https://www.impactservices.org/","(215) 739-1600","","200","https://www.impactservices.org/","Impact Services","true","Needs staff review of current services, hours, and eligibility"
"resource","66525b6c-e45d-47d8-ba5a-6d8514bcdcaf","IMPACT Services Corporation","www.impactservices.org","(215) 739-1600","","200","https://www.impactservices.org/","Impact Services","true","Needs staff review of current services, hours, and eligibility"
"resource","77e051eb-5ce7-4e82-9aaa-cea02f2ce87d","Inglis Employment Services","https://www.inglis.org/programs-and-services/innovation-center","(267) 295-5400","","200","https://www.inglis.org/programs-and-services/innovation-center","Innovation Center | Inglis","false","Needs staff review of current services, hours, and eligibility"
"resource","75e295f1-7174-4baf-92d0-e72b713da41f","Lifeline Phone Service","https://www.lifelinesupport.org/get-started/","(800) 234-9473","","200","https://www.lifelinesupport.org/about-lifeline/","About Lifeline - Universal Service Administrative Company","false","Needs staff review of current services, hours, and eligibility"
"resource","961a9c75-99cb-4fdc-98bd-fbd2bf512115","Low-Income Home Energy Assistance Program (LIHEAP)","https://www.pa.gov/services/dhs/apply-for-the-low-income-home-energy-assistance-program-liheap","(866)-857-7095","","200","https://www.pa.gov/services/dhs/apply-for-the-low-income-home-energy-assistance-program-liheap","Apply for the Low Income Home Energy Assistance Program (LIHEAP) | Commonwealth of Pennsylvania","true","Needs staff review of current services, hours, and eligibility"
"resource","243eac85-78e8-45f0-b301-52e866051db1","Lutheran Settlement House","lutheransettlement.org","(215) 426-8610","","200","https://lutheransettlement.org/","Home - Lutheran Settlement House","true","Needs staff review of current services, hours, and eligibility"
"resource","74801571-2218-4a23-830d-740819f81150","Lutheran Settlement House","lutheransettlement.org","(215) 426-8610","","200","https://lutheransettlement.org/","Home - Lutheran Settlement House","true","Needs staff review of current services, hours, and eligibility"
"resource","cb9a69fc-22c6-4e89-a7f2-931f346b02a0","Mady's Hands","https://www.7cups.com/local/us/pa/philadelphia/food/my-sistas-resou-7561221613","(267) 825-5628","","403","https://www.7cups.com/local/us/pa/philadelphia/food/my-sistas-resou-7561221613","ERROR: The request could not be satisfied","false","Needs staff review of current services, hours, and eligibility"
"resource","a967c89f-e06b-4945-b68e-21308f151d3d","Mamie Nichols Center","https://gpca-phila.org","(215) 336-5505","","200","https://www.gpca-phila.org/","Home | Greater Philadelphia Community Alliance (GPCA)","true","Needs staff review of current services, hours, and eligibility"
"resource","b624b9d5-f42a-47ca-99c5-53d96920b98c","Mazzoni Center – Bainbridge","mazzonicenter.org/about-us/contact-us","(215) 563-0652","","200","https://mazzonicenter.org/about-us/contact-us","Contact Us | Mazzoni Center","true","Needs staff review of current services, hours, and eligibility"
"resource","b166d3ce-19c9-4701-8d9f-0e3c7013a25b","Mazzoni Center – Washington West","mazzonicenter.org/about-us/contact-us","(215) 985-9206","","200","https://mazzonicenter.org/about-us/contact-us","Contact Us | Mazzoni Center","true","Needs staff review of current services, hours, and eligibility"
"resource","b12d46e6-42f8-46b0-93d6-0e9869dfdd64","North Philadelphia Municipal Services Center","https://www.phila.gov/departments/department-of-revenue/about/contact-us/","(267) 271-4973","","200","https://www.phila.gov/departments/department-of-revenue/about/contact-us/","Contact us | Department of Revenue | City of Philadelphia","false","Needs staff review of current services, hours, and eligibility"
"resource","97342851-4531-44dd-862b-93f7c99ca087","Office of Homeless Services","https://www.phila.gov/departments/office-of-homeless-services/","(215) 686-7175","","200","https://www.phila.gov/departments/office-of-homeless-services/","Office of Homeless Services | Homepage | City of Philadelphia","true","Needs staff review of current services, hours, and eligibility"
"resource","bcfe83df-3350-4556-852b-384f51549f85","Office of Homeless Services","phila.gov/departments/office-of-homeless-services/","(215) 686-7175","","200","https://www.phila.gov/departments/office-of-homeless-services/","Office of Homeless Services | Homepage | City of Philadelphia","true","Needs staff review of current services, hours, and eligibility"
"resource","719267c6-2cac-4fd1-b362-8f3b01e4a302","Office of Reentry and Community Services","https://www.compass.dhs.pa.gov/home/#/","(800)-692-7462","","200","https://www.compass.dhs.pa.gov/home/","COMPASS Homepage","false","Needs staff review of current services, hours, and eligibility"
"resource","02aae32b-3b9c-4aea-8320-8d917cc81b9e","Office of Reentry Partnerships","https://www.phila.gov/departments/office-of-reentry-partnerships/","(215) 683-3370","","200","https://www.phila.gov/departments/division-of-reentry/","Division of Reentry | Homepage | City of Philadelphia","true","Needs staff review of current services, hours, and eligibility"
"resource","512c4d8c-706d-4a33-a9d6-8ba8dacae30d","Office of Student Rights and Responsibilities","philasd.org/studentrights/#homeless","(215) 400-4830","","200","https://www.philasd.org/studentrights/","Student Rights and Responsibilities | The School District of Philadelphia","true","Needs staff review of current services, hours, and eligibility"
"resource","57879df5-2808-4d2e-ba7b-c058ed7b0d86","Our Closet In Your Neighborhood","https://jfcsphilly.org/our-closet-in-your-neighborhood/","(267) 256-2179","","403","https://jfcsphilly.org/our-closet-in-your-neighborhood/","","false","Needs staff review of current services, hours, and eligibility"
"resource","077283af-8f46-46a0-9f48-e3e870bfec7b","PA CareerLink North","pacareerlink.pa.gov/","(215) 967-9711","","404","https://pacareerlink.pa.gov/","Not Found","false","Needs staff review of current services, hours, and eligibility"
"resource","7bb008c8-daad-480c-be7f-816b9c992b5b","PA CareerLink Suburban Station","pacareerlink.pa.gov/","(215) 557-2592","","404","https://pacareerlink.pa.gov/","Not Found","false","Needs staff review of current services, hours, and eligibility"
"resource","bd3c1f9c-381a-4f19-98e1-b2e7827be69b","PA CareerLink West","pacareerlink.pa.gov/","(215) 473-3630","","404","https://pacareerlink.pa.gov/","Not Found","false","Needs staff review of current services, hours, and eligibility"
"resource","1dbe37e3-8674-4eda-9429-edcb9691f5f0","Pathways to Housing PA","https://pathwaystohousingpa.org/","(215) 390-1500","","200","https://pathwaystohousingpa.org/","Pathways to Housing PA","false","Needs staff review of current services, hours, and eligibility"
"resource","9c24d522-e106-4d58-af8c-38e07e867649","Pennsylvania Health Access Network","pahealthaccess.org/gethelp/","(877) 570-3642","","200","https://www.pahealthaccess.org/get-help/","Get Help - Pennsylvania Health Access Network","true","Needs staff review of current services, hours, and eligibility"
"resource","a6360c44-799d-4041-baf6-e211621783d3","Pennsylvania Health Law Project","https://www.phlp.org/en/","(800) 274-3258","","200","https://www.phlp.org/en/","Pennsylvania Health Law Project | Helping People in Need Get the Healthcare They Deserve","true","Needs staff review of current services, hours, and eligibility"
"resource","52837d89-d4c9-43ea-b762-67d6580bf3aa","Pennsylvania Prison Society","prisonsociety.org/","215-564-4775","","200","https://www.prisonsociety.org/","Pennsylvania Prison Society","true","Needs staff review of current services, hours, and eligibility"
"resource","b868e16a-f0ec-4e94-8c6e-70657dfa36ef","Pennsylvania's County Assistance Office","https://www.pa.gov/en/agencies/dhs/contact/cao-information.html","(215) 560-5500","","200","https://www.pa.gov/agencies/dhs/contact/cao-information","County Assistance Offices (CAO) | Department of Human Services | Commonwealth of Pennsylvania","true","Needs staff review of current services, hours, and eligibility"
"resource","c465915a-2370-4c8c-8123-be1b4a0422d6","People Advancing Reintegration Recycle Works","par-recycleworks.org/","(267) 335-5455","","200","https://par-recycleworks.org/","Home - PAR-Recycle Works","true","Needs staff review of current services, hours, and eligibility"
"resource","890e5a9f-39f6-4f0a-93d7-ff6cee377ac9","People for People","www.peopleforpeople.org","(215) 235-2340","","200","https://www.peopleforpeople.org/","HOME | Peopleforpeople","true","Needs staff review of current services, hours, and eligibility"
"resource","a246b220-56f7-4c22-92a8-0bd9f50911c8","Philadelphia Access Center","www.philaccess.org","(215) 389-1985","","fetch_failed","","","false","Needs staff review of current services, hours, and eligibility"
"resource","1c48c924-8220-47c1-825d-e19124ab4e6e","Philadelphia FIGHT","https://fight.org/","(215) 525-8636","","200","https://fight.org/","HOME - Philadelphia FIGHT","false","Needs staff review of current services, hours, and eligibility"
"resource","de80bdb7-747c-4ae5-9444-55fbc52e9acc","Philadelphia Housing Authority","pha.phila.gov","(215) 684-4000","","200","https://www.pha.phila.gov/","Home | Philadelphia Housing Authority","true","Needs staff review of current services, hours, and eligibility"
"resource","294847a3-d0de-479b-a602-605e9ada4a2c","Philadelphia Lawyers for Social Equity","plsephilly.org","(267) 519-5323","","200","https://plsephilly.org/","Philadelphia Lawyers for Social Equity","true","Needs staff review of current services, hours, and eligibility"
"resource","00e2bd5d-e0b6-420a-9772-364cba8b0ad4","Philadelphia Lawyers for Social Justice","plsephilly.org/","(267) 519-5323","","200","https://plsephilly.org/","Philadelphia Lawyers for Social Equity","true","Needs staff review of current services, hours, and eligibility"
"resource","b22f6714-9a95-4999-ace4-5e5420349b77","Philadelphia Opportunities Industrialization Center","oicphila.org/","215-236-7700","","403","https://oicphila.org/","","false","Needs staff review of current services, hours, and eligibility"
"resource","4c0a3e6b-2809-4084-ad4b-304cb652df57","Philadelphia Reentry Coalition","https://www.phlreentrycoalition.org/","(215) 683-3370","","200","https://www.phlreentrycoalition.org/","The Philadelphia Reentry Coalition","true","Needs staff review of current services, hours, and eligibility"
"resource","d705c26d-93d8-4c73-a230-2e7a7d1a3e0e","Philadelphia VIP","phillyvip.org","(215) 523-9550","","200","https://phillyvip.org/","Philadelphia VIP – The hub of pro bono in Philadelphia","false","Needs staff review of current services, hours, and eligibility"
"resource","c9df2a56-f375-418f-b3ee-7726ff829b27","Philadelphia Works","www.philaworks.org","(215) 963-2100","","200","https://philaworks.org/","Home - Philadelphia Works","true","Needs staff review of current services, hours, and eligibility"
"resource","bb8e50e2-ee65-4f01-b1b6-92a10f545db9","Philly House","https://www.phillyhouse.org/","(215) 922-6400","","200","https://www.phillyhouse.org/","Philly House","true","Needs staff review of current services, hours, and eligibility"
"resource","f97d230c-b8ec-4f02-bc4c-5c456ba058dd","Planet Fitness","https://www.planetfitness.com/gyms/philadelphia-south-philly-pa","(215) 551-9000","","403","https://www.planetfitness.com/gyms/philadelphia-south-philly-pa","Just a moment...","false","Needs staff review of current services, hours, and eligibility"
"resource","7e953deb-a32b-49af-8de9-488b1d03b039","Project HOME","projecthome.org","(215) 232-7272","","200","https://www.projecthome.org/","Project HOME","false","Needs staff review of current services, hours, and eligibility"
"resource","b0689925-3336-4e8e-8aa2-155a4c38a6d6","Project HOME Outreach Coordination Center","projecthome.org/outreach-coordination-center","(215) 232-1984","","200","https://www.projecthome.org/outreach-coordination-center","Outreach Coordination Center | Project HOME","true","Needs staff review of current services, hours, and eligibility"
"resource","6a53e6a3-857e-40d5-9f25-6114af60d7c1","Public Health Management Corporation","phmc.org","(215) 985-2500","","200","https://phmc.org/","Public Health Management Corporation","true","Needs staff review of current services, hours, and eligibility"
"resource","b5f18929-fcd5-4cff-aa7b-a09eed2cc5ed","Ready, Willing & Able","https://www.rwaphila.org/","(215) 795-3255","","200","https://www.rwaphila.org/","Ready, Willing &amp; Able Philadelphia | recovery house | 1221 Bainbridge Street, Philadelphia, PA, USA","false","Needs staff review of current services, hours, and eligibility"
"resource","c9796872-4914-4b5d-b1d8-5d3f247d9774","Reentry Action Coalition","thenrwc.org/conference/","(267) 238-3800","","200","https://thenrwc.org/conference/","Conference &#8211; NRWC","false","Needs staff review of current services, hours, and eligibility"
"resource","f78577ea-4964-42a4-a534-616aba8e91a8","Second Chances Ministries","2ndchance-ministries.org","215-662-0246","","200","https://www.2ndchance-ministries.org/","2nd Chance Ministries","false","Needs staff review of current services, hours, and eligibility"
"resource","240ee96e-ed8e-42e2-91c0-3db27ef365d3","ShopRite Supermarket","https://www.shoprite.com/sm/pickup/rsid/3000/BrownsSuperStores","(215) 717-1222","","403","https://www.shoprite.com/sm/pickup/rsid/3000/BrownsSuperStores","Just a moment...","false","Needs staff review of current services, hours, and eligibility"
"resource","69e8339d-7d0e-4941-aa36-7ba81619864b","ShopRite Supermarket","https://www.shoprite.com/sm/pickup/rsid/3000/BrownsSuperStores","(215) 336-7300","","403","https://www.shoprite.com/sm/pickup/rsid/3000/BrownsSuperStores","Just a moment...","false","Needs staff review of current services, hours, and eligibility"
"resource","147ea56c-ad4d-4d7f-b569-05167035be6c","Sisters Returning Home","www.sistersreturninghome.org","(215) 900-4202","","200","https://sistersreturninghome.org/","sistersreturninghome -","false","Needs staff review of current services, hours, and eligibility"
"resource","15a4e6c3-095e-4768-9ff3-c66fa29aa649","SP Plus Parking","spplus.com/","(215) 568-4018","","200","https://spplus.com/","Homepage - SP Plus Corporate Site","false","Needs staff review of current services, hours, and eligibility"
"resource","c93d2808-a78d-4707-a3f5-8c9802cc3dc8","Station House Transitional Shelter","https://reentry.networkofcare.org/philadelphia-pa/services/agency?pid=stationhouseapartments_1147_12_0","(215) 225-9230","","fetch_failed","","","false","Needs staff review of current services, hours, and eligibility"
"resource","81904986-8693-4f5a-a096-fad58e8b1fdf","The Cenacle at Padre Pio Center","cssphiladelphia.org","267-453-0090","","200","https://ccphila.org/","Home - Catholic Charities of Philadelphia","false","Needs staff review of current services, hours, and eligibility"
"resource","5cf8cca6-ad08-4959-8f44-2f600e203aa9","The Center for Carceral Communities","thecenterphilly.com/","267-538-0180","","200","https://www.thecenterphilly.com/","The Center for Carceral Communities | Philadelphia","false","Needs staff review of current services, hours, and eligibility"
"resource","6b386cc0-550c-42a6-95bd-f9d747bcafe7","The Center for Employment Opportunities","https://www.ceoworks.org/philadelphia","(215) 309 7220","","403","https://www.ceoworks.org/philadelphia","Attention Required! | Cloudflare","false","Needs staff review of current services, hours, and eligibility"
"resource","3ac9fb88-e178-4e19-b620-654941c9eaee","The Fountain Fund","www.fountainfund.org","(267) 209-0042","","200","https://www.fountainfund.org/","Home | Fountain Fund","true","Needs staff review of current services, hours, and eligibility"
"resource","76aed978-7a5d-4c3a-bcd8-400d02f9ff03","The People's Paper Co-Op","peoplespaperco-op.weebly.com/","(215) 225-7830","","200","https://peoplespaperco-op.weebly.com/","THE PEOPLE'S PAPER CO-OP - PPC","false","Needs staff review of current services, hours, and eligibility"
"resource","88adfd5c-f3f7-43e6-86e0-947c120a6e58","The Philadelphia School","https://www.tpschool.org/","(215) 545-5323","","200","https://www.tpschool.org/","The Philadelphia School - Home","true","Needs staff review of current services, hours, and eligibility"
"resource","6533f643-f9db-48ad-9b98-c9f92c361cb3","The ReAwakening Agency","https://www.aftertheawakening.org/","(267) 241-7319","","200","https://www.aftertheawakening.org/","The ReAwakening Agency","true","Needs staff review of current services, hours, and eligibility"
"resource","9e8c04fe-859c-4c6a-9490-965955f59550","The Simple Way","thesimpleway.org/","(215) 423-3598","","200","https://thesimpleway.org/","THE SIMPLE WAY","true","Needs staff review of current services, hours, and eligibility"
"resource","91481b33-8258-4082-940a-42fd75bcf60c","Triple Bottom Brewery","https://triplebottombrewing.com/","(267) 764-1994","","200","https://triplebottombrewing.com/","Triple Bottom Brewing","false","Needs staff review of current services, hours, and eligibility"
"resource","6af82119-1ead-4d93-aa14-06ec7c97721e","United Communities Southeast Philadelphia Houston Center","https://www.idealist.org/en/nonprofit/8ec967532fce45ffb72e106ee97f211c-united-communities-southeast-philadelphia-philadelphia","(215) 468-1645","","200","https://www.idealist.org/en/nonprofit/8ec967532fce45ffb72e106ee97f211c-united-communities-southeast-philadelphia-philadelphia","United Communities Southeast Philadelphia - Organization - Idealist","true","Needs staff review of current services, hours, and eligibility"
"resource","c0ef3a05-64ac-4450-bb88-5f7cbc2ddd4c","United Parcel Service","https://locations.ups.com/us/en/pa/philadelphia/customer-center-004097.html","(888) 742-5877","","200","https://locations.ups.com/us/en/pa/philadelphia/","UPS Locations in PHILADELPHIA, PA","false","Needs staff review of current services, hours, and eligibility"
"resource","bfa881ed-000b-4f4e-a665-c9fcad891669","Uplift Workforce Solutions","upliftsolutions.org/","(833) 875-4389","","200","https://www.upliftsolutions.org/","Uplift","true","Needs staff review of current services, hours, and eligibility"
"resource","9106ce4f-91c4-4e1c-94ce-c6421d34e193","Urban League of Philadelphia","www.urbanleaguephila.org","(215) 985-3220","","200","https://www.urbanleaguephila.org/","Urban League of Greater Philadelphia | We exist to replace segregation and discrimination with equity, opportunity, and power.","true","Needs staff review of current services, hours, and eligibility"
"resource","8aefeb40-e6f7-49d8-9401-1bd4143d8677","Utilities Emergency Services Fund","https://uesfacts.org/","(215) 972-5170","","200","https://uesfacts.org/","UESF","true","Needs staff review of current services, hours, and eligibility"
"resource","b0da8576-8f1b-4b3d-8a36-a9c7397d66c7","Why Not Prosper Transitional House for Formerly Incarcerated Women","why-not-prosper.org/","610-716-1113","","200","https://why-not-prosper.org/","Why Not Prosper — A Hand Up, Not a Hand Out","false","Needs staff review of current services, hours, and eligibility"
"resource","2e4f26b3-1311-4369-90ae-541307038197","Youth Sentencing & Reentry Project","ysrp.org","267-703-8046","","200","https://www.ysrp.org/","YSRP | Youth Sentencing &amp; Reentry Project | Home","false","Needs staff review of current services, hours, and eligibility"
"resource","3d0a1c07-c1ba-4600-ab48-114390aaabee","Youth Sentencing & Reentry Project","https://www.ysrp.org/","(267) 703-8046","","200","https://www.ysrp.org/","YSRP | Youth Sentencing &amp; Reentry Project | Home","false","Needs staff review of current services, hours, and eligibility"
